,index,series_title,runtime_of_series,genre,imdb_rating,no_of_votes,index,type,title,release_year,season_count
0,548,Kota Factory,(2019),"Comedy, Drama",9.0,28043,3,TV Show,Kota Factory,2021,2
1,648,Dear White People,(2017–2021),"Comedy, Drama",6.2,22334,9,TV Show,Dear White People,2021,4
2,90,Sex Education,(2019– ),"Comedy, Drama",8.3,159007,16,TV Show,Sex Education,2020,3
3,849,He-Man and the Masters of the Universe,(1983–1985),"Animation, Action, Adventure",7.5,16326,21,TV Show,He-Man and the Masters of the Universe,2021,1
4,482,Saved by the Bell,(1989–1992),"Comedy, Family, Romance",7.0,32241,28,TV Show,Saved by the Bell,1994,9
5,54,Lucifer,(2016– ),"Crime, Drama, Fantasy",8.1,233488,34,TV Show,Lucifer,2021,6
6,691,Into the Night,(II) (2020– ),"Drama, Sci-Fi, Thriller",7.1,20934,39,TV Show,Into the Night,2021,2
7,36,La casa de papel,(2017– ),"Action, Crime, Mystery",8.3,299735,49,TV Show,La casa de papel,2021,5
8,652,Manifest,(2018– ),"Drama, Mystery, Sci-Fi",7.2,22180,85,TV Show,Manifest,2021,3
9,401,Grace and Frankie,(2015– ),Comedy,8.3,39006,99,TV Show,Grace and Frankie,2021,7
10,1504,Car Masters: Rust to Riches,(2018– ),Reality-TV,8.8,7703,111,TV Show,Car Masters: Rust to Riches,2021,3
11,137,30 Rock,(2006–2013),Comedy,8.2,111988,121,TV Show,30 Rock,2012,7
12,278,Friday Night Lights,(2006–2011),"Drama, Sport",8.6,56165,124,TV Show,Friday Night Lights,2010,5
13,211,Charmed,(1998–2006),"Drama, Fantasy, Mystery",7.1,75566,126,TV Show,Charmed,2021,3
14,761,Outer Banks,(2020– ),"Action, Crime, Drama",7.6,18959,131,TV Show,Outer Banks,2021,2
15,32,The Flash,(2014– ),"Action, Adventure, Drama",7.7,305593,134,TV Show,The Flash,2021,7
16,1774,All American,(2018– ),"Drama, Sport",7.7,6098,136,TV Show,All American,2021,3
17,703,How to Sell Drugs Online (Fast),(2019– ),"Comedy, Crime, Drama",7.9,20554,137,TV Show,How to Sell Drugs Online (Fast),2021,3
18,2,The Walking Dead,(2010– ),"Drama, Horror, Thriller",8.2,854698,140,TV Show,The Walking Dead,2019,10
19,784,Wynonna Earp,(2016– ),"Action, Drama, Fantasy",7.4,18200,141,TV Show,Wynonna Earp,2020,4
20,903,Chicago Med,(2015– ),Drama,7.5,15130,147,TV Show,Chicago Med,2019,5
21,1626,Explained,(2018– ),Documentary,8.1,6882,152,TV Show,Explained,2021,3
22,1642,Johnny Test,(2005–2014),"Animation, Action, Adventure",5.0,6766,153,TV Show,Johnny Test,2021,1
23,595,Never Have I Ever,(2020– ),Comedy,7.9,24566,157,TV Show,Never Have I Ever,2021,2
24,264,Atypical,(2017–2021),"Comedy, Drama",8.3,60545,161,TV Show,Atypical,2021,4
25,1925,Biohackers,(2020– ),"Drama, Sci-Fi, Thriller",6.7,5423,162,TV Show,Biohackers,2021,2
26,717,Virgin River,(2019– ),"Drama, Romance",7.5,20132,165,TV Show,Virgin River,2021,3
27,1421,Between,(2015–2016),"Drama, Mystery, Sci-Fi",6.0,8315,173,TV Show,Between,2016,2
28,512,Colony,(2016–2018),"Action, Adventure, Drama",7.4,30482,176,TV Show,Colony,2018,3
29,1463,Cuckoo,(II) (2012– ),Comedy,7.3,7983,177,TV Show,Cuckoo,2019,5
30,688,Derry Girls,(2018– ),Comedy,8.4,21052,178,TV Show,Derry Girls,2019,2
31,1872,I Think You Should Leave with Tim Robinson,(2019– ),Comedy,7.7,5656,182,TV Show,I Think You Should Leave with Tim Robinson,2021,2
32,1375,Kim's Convenience,(2016– ),Comedy,8.2,8710,183,TV Show,Kim's Convenience,2021,5
33,602,Marcella,(2016– ),"Crime, Drama, Mystery",7.4,24222,185,TV Show,Marcella,2019,3
34,757,My Little Pony: Friendship Is Magic,(2010–2020),"Animation, Adventure, Comedy",7.6,19033,187,TV Show,My Little Pony: Friendship Is Magic,2018,8
35,41,Orange Is the New Black,(2013–2019),"Comedy, Crime, Drama",8.1,279138,188,TV Show,Orange Is the New Black,2019,7
36,1160,Undercover,(2019– ),"Crime, Drama, Thriller",7.9,10885,199,TV Show,Undercover,2020,2
37,1198,Workin' Moms,(2017– ),Comedy,7.6,10383,200,TV Show,Workin' Moms,2021,5
38,47,Grey's Anatomy,(2005– ),"Drama, Romance",7.6,251568,204,TV Show,Grey's Anatomy,2020,17
39,1499,Too Hot to Handle,(2020– ),"Game-Show, Reality-TV, Romance",4.5,7747,227,TV Show,Too Hot to Handle,2021,2
40,674,Black Lightning,(2017– ),"Action, Drama, Sci-Fi",6.1,21598,232,TV Show,Black Lightning,2021,4
41,106,Glee,(2009–2015),"Comedy, Drama, Music",6.7,136866,239,TV Show,Glee,2015,6
42,1651,Hap and Leonard,(2016–2018),"Crime, Drama, Mystery",7.7,6729,240,TV Show,Hap and Leonard,2018,3
43,743,Pose,(2018– ),Drama,8.6,19432,243,TV Show,Pose,2019,2
44,120,Riverdale,(2017– ),"Crime, Drama, Mystery",6.9,118902,245,TV Show,Riverdale,2019,4
45,229,Schitt's Creek,(2015–2020),Comedy,8.5,69726,246,TV Show,Schitt's Creek,2020,6
46,768,Black Summer,(2019– ),"Action, Drama, Horror",6.4,18789,256,TV Show,Black Summer,2021,2
47,802,The Gift,(2019– ),"Drama, Fantasy, Mystery",7.4,17587,260,TV Show,The Gift,2021,3
48,349,Lupin,(2021– ),"Action, Crime, Drama",7.6,45183,275,TV Show,Lupin,2021,2
49,86,Downton Abbey,(2010–2015),"Drama, Romance",8.7,164119,291,TV Show,Downton Abbey,2015,6
50,455,Happy Endings,(2011–2020),"Comedy, Romance",7.7,34378,292,TV Show,Happy Endings,2012,3
51,883,Dirty John,(2018– ),"Crime, Drama",7.2,15549,297,TV Show,Dirty John,2020,2
52,599,The Kominsky Method,(2018– ),"Comedy, Drama",8.2,24296,298,TV Show,The Kominsky Method,2021,3
53,722,Ragnarok,(2020– ),"Drama, Fantasy, Mystery",7.5,19996,303,TV Show,Ragnarok,2021,2
54,244,Master of None,(2015–2017),"Comedy, Drama",8.3,66241,307,TV Show,Master of None,2021,3
55,1813,Special,(2019– ),"Comedy, Drama",7.6,5951,310,TV Show,Special,2021,2
56,1424,The Magic School Bus,(1994–1997),"Animation, Adventure, Comedy",7.8,8305,311,TV Show,The Magic School Bus,1997,1
57,160,"Love, Death & Robots",(2019– ),"Animation, Short, Comedy",8.5,97113,317,TV Show,"Love, Death & Robots",2021,2
58,405,Castlevania,(2017– ),"Animation, Action, Adventure",8.2,38855,320,TV Show,Castlevania,2021,4
59,1023,StartUp,(2016–2018),"Crime, Thriller",8.0,12739,330,TV Show,StartUp,2018,3
60,1716,Durarara!!,(2010),"Animation, Comedy, Crime",7.9,6397,352,TV Show,Durarara!!,2016,1
61,154,Gilmore Girls,(2000–2007),"Comedy, Drama",8.1,101373,354,TV Show,Gilmore Girls,2006,7
62,680,Fate: The Winx Saga,(2021– ),"Action, Adventure, Drama",6.9,21438,363,TV Show,Fate: The Winx Saga,2021,1
63,12,House of Cards,(2013–2018),Drama,8.7,467371,364,TV Show,House of Cards,2018,6
64,583,Living with Yourself,(2019– ),"Comedy, Drama, Sci-Fi",7.2,25263,368,TV Show,Living with Yourself,2019,1
65,1121,Slasher,(2016– ),"Crime, Drama, Horror",6.7,11388,370,TV Show,Slasher,2019,3
66,775,Yu-Gi-Oh!,(I) (2000–2006),"Animation, Action, Adventure",7.2,18651,390,TV Show,Yu-Gi-Oh!,2005,1
67,1245,Big Time Rush,(2009–2013),"Comedy, Family, Musical",6.3,10006,392,TV Show,Big Time Rush,2013,4
68,714,Mighty Morphin Power Rangers,(1993–1996),"Action, Adventure, Family",6.5,20198,399,TV Show,Mighty Morphin Power Rangers,2010,4
69,734,Formula 1: Drive to Survive,(2019– ),"Documentary, Sport",8.6,19676,402,TV Show,Formula 1: Drive to Survive,2021,3
70,972,Paradise PD,(2018– ),"Animation, Action, Comedy",6.9,13644,410,TV Show,Paradise PD,2021,3
71,486,Good Girls,(2018– ),"Comedy, Crime, Drama",7.8,32012,443,TV Show,Good Girls,2020,3
72,281,Chappelle's Show,(2003–2006),"Comedy, Music",8.8,54457,447,TV Show,Chappelle's Show,2005,2
73,1366,Crime Scene: The Vanishing at the Cecil Hotel,(2021),"Documentary, Crime, Mystery",5.9,8772,451,TV Show,Crime Scene: The Vanishing at the Cecil Hotel,2021,1
74,176,The Sinner,(2017– ),"Crime, Drama, Mystery",7.9,87656,454,TV Show,The Sinner,2020,3
75,1490,Firefly Lane,(2021– ),"Drama, Romance",7.6,7797,457,TV Show,Firefly Lane,2021,1
76,1277,Heartland,(II) (2007– ),"Drama, Family",8.4,9636,461,TV Show,Heartland,2019,13
77,114,Outlander,(2014– ),"Drama, Fantasy, Romance",8.4,124920,472,TV Show,Outlander,2018,4
78,327,Disenchantment,(2018– ),"Animation, Action, Adventure",7.2,47139,482,TV Show,Disenchantment,2021,3
79,356,The Magicians,(2015–2020),"Drama, Fantasy, Mystery",7.6,43830,484,TV Show,The Magicians,2020,5
80,1932,Last Tango in Halifax,(2012–2020),"Comedy, Drama, Romance",8.3,5405,486,TV Show,Last Tango in Halifax,2020,4
81,141,Cobra Kai,(2018– ),"Action, Comedy, Drama",8.6,109597,496,TV Show,Cobra Kai,2021,3
82,205,Chilling Adventures of Sabrina,(2018–2020),"Drama, Fantasy, Horror",7.5,77835,504,TV Show,Chilling Adventures of Sabrina,2020,4
83,1770,Still Game,(2002–2019),Comedy,8.8,6112,509,TV Show,Still Game,2018,9
84,262,Bridgerton,(2020– ),"Drama, Romance",7.3,61224,514,TV Show,Bridgerton,2020,1
85,1061,Shaun the Sheep,(2007–2020),"Animation, Short, Comedy",8.2,12158,517,TV Show,Shaun the Sheep,2016,2
86,1203,Home for Christmas,(2019–2020),"Comedy, Drama, Romance",7.7,10339,520,TV Show,Home for Christmas,2020,2
87,1602,Hilda,(2018–2020),"Animation, Adventure, Comedy",8.6,6993,536,TV Show,Hilda,2021,2
88,1621,Tiny Pretty Things,(2020– ),"Drama, Mystery, Thriller",5.8,6914,537,TV Show,Tiny Pretty Things,2020,1
89,820,Alice in Borderland,(2020– ),"Action, Fantasy, Mystery",7.7,17163,541,TV Show,Alice in Borderland,2020,1
90,67,Once Upon a Time,(2011–2018),"Adventure, Fantasy, Romance",7.7,208753,544,TV Show,Once Upon a Time,2019,1
91,1896,Mr. Iglesias,(2019– ),Comedy,7.1,5545,549,TV Show,Mr. Iglesias,2020,3
92,272,Big Mouth,(2017– ),"Animation, Comedy, Romance",8.0,57512,555,TV Show,Big Mouth,2020,4
93,192,Stargate SG-1,(1997–2007),"Action, Adventure, Drama",8.4,83840,565,TV Show,Stargate SG-1,2006,10
94,1583,Fabulous Lives of Bollywood Wives,(2020– ),Reality-TV,3.5,7107,571,TV Show,Fabulous Lives of Bollywood Wives,2020,1
95,819,America's Next Top Model,(2003– ),"Game-Show, Reality-TV",5.5,17191,586,TV Show,America's Next Top Model,2013,2
96,661,Survivor,(2000– ),"Adventure, Game-Show, Reality-TV",7.2,21923,589,TV Show,Survivor,2014,2
97,98,The Crown,(2016– ),"Biography, Drama, History",8.7,150834,590,TV Show,The Crown,2020,4
98,42,American Horror Story,(2011– ),"Drama, Horror, Thriller",8.0,277746,591,TV Show,American Horror Story,2019,9
99,237,Paranormal,(2020– ),"Drama, Fantasy, Horror",8.1,67621,606,TV Show,Paranormal,2020,1
100,1879,Love & Anarchy,(2020– ),"Comedy, Drama, Romance",7.4,5618,607,TV Show,Love & Anarchy,2020,1
101,434,Dawson's Creek,(1998–2003),"Drama, Romance",6.6,36347,610,TV Show,Dawson's Creek,2002,6
102,1171,Blood of Zeus,(2020– ),"Animation, Action, Fantasy",7.6,10726,627,TV Show,Blood of Zeus,2020,1
103,817,Barbarians,(2020– ),"Action, Adventure, Drama",7.2,17258,630,TV Show,Barbarians,2020,1
104,1539,Unsolved Mysteries,(2020– ),"Documentary, Crime, Mystery",7.3,7456,635,TV Show,Unsolved Mysteries,2020,2
105,63,The 100,(2014–2020),"Drama, Mystery, Sci-Fi",7.6,216968,652,TV Show,The 100,2020,7
106,353,Emily in Paris,(2020– ),"Comedy, Drama, Romance",7.1,44905,658,TV Show,Emily in Paris,2020,1
107,1033,H2O: Just Add Water,(2006–2010),"Drama, Family, Fantasy",7.2,12575,659,TV Show,H2O: Just Add Water,2009,3
108,1076,Evil,(2019– ),"Crime, Drama, Horror",7.6,11914,660,TV Show,Evil,2019,1
109,431,Sword Art Online,(2012– ),"Animation, Action, Adventure",7.6,36654,667,TV Show,Sword Art Online,2018,3
110,1371,Man with a Plan,(2016–2020),Comedy,7.0,8721,672,TV Show,Man with a Plan,2020,4
111,808,Wentworth,(2013–2021),"Crime, Drama",8.6,17399,673,TV Show,Wentworth,2020,8
112,790,Van Helsing,(2016– ),"Action, Drama, Fantasy",6.2,17989,675,TV Show,Van Helsing,2019,4
113,130,The Good Place,(2016–2020),"Comedy, Drama, Fantasy",8.2,115590,676,TV Show,The Good Place,2020,4
114,407,Ratched,(2020– ),"Crime, Drama, Mystery",7.3,38629,684,TV Show,Ratched,2020,1
115,74,The Blacklist,(2013– ),"Crime, Drama, Mystery",8.0,197895,686,TV Show,The Blacklist,2019,7
116,1408,Baby,(2018–2020),Drama,6.8,8421,689,TV Show,Baby,2020,3
117,932,Criminal: UK,(2019– ),"Crime, Drama, Thriller",7.6,14498,691,TV Show,Criminal: UK,2020,2
118,710,Call the Midwife,(2012– ),"Drama, History",8.4,20260,694,TV Show,Call the Midwife,2020,9
119,1834,Julie and the Phantoms,(2020– ),"Comedy, Family, Fantasy",8.4,5883,702,TV Show,Julie and the Phantoms,2020,1
120,704,Away,(2020),"Drama, Romance, Sci-Fi",6.6,20535,708,TV Show,Away,2020,1
121,1693,Young Wallander,(2020– ),"Crime, Drama, Mystery",6.8,6487,710,TV Show,Young Wallander,2020,1
122,735,Borgen,(2010– ),Drama,8.5,19655,715,TV Show,Borgen,2012,3
123,1129,"Sister, Sister",(1994–1999),"Comedy, Drama, Family",6.2,11278,720,TV Show,"Sister, Sister",1998,6
124,1604,Trinkets,(2019–2020),"Comedy, Crime, Drama",7.1,6981,729,TV Show,Trinkets,2020,2
125,1524,Rita,(2012–2020),"Comedy, Drama",8.1,7553,740,TV Show,Rita,2020,5
126,665,3%,(2016–2020),"Action, Drama, Sci-Fi",7.4,21837,742,TV Show,3%,2020,4
127,1460,Teenage Bounty Hunters,(2020),"Comedy, Crime, Drama",7.7,8010,743,TV Show,Teenage Bounty Hunters,2020,1
128,147,The Legend of Korra,(2012–2014),"Animation, Action, Adventure",8.4,103857,745,TV Show,The Legend of Korra,2014,4
129,505,The Rain,(2018–2020),"Drama, Sci-Fi, Thriller",6.3,30924,758,TV Show,The Rain,2020,3
130,1197,Toradora!,(2008–2009),"Animation, Comedy, Drama",8.0,10394,766,TV Show,Toradora!,2008,1
131,89,The Umbrella Academy,(2019– ),"Action, Adventure, Comedy",8.0,159722,770,TV Show,The Umbrella Academy,2020,2
132,1801,Last Chance U,(2016–2020),"Documentary, Sport",8.5,6012,773,TV Show,Last Chance U,2020,5
133,915,Norsemen,(2016–2020),Comedy,7.8,14843,778,TV Show,Norsemen,2020,3
134,620,Cursed,(2020– ),"Adventure, Drama, Fantasy",5.8,23360,783,TV Show,Cursed,2020,1
135,493,The Protector,(2018–2020),"Action, Fantasy, Sci-Fi",6.7,31626,795,TV Show,The Protector,2020,4
136,684,Warrior Nun,(2020– ),"Action, Drama, Fantasy",6.8,21327,805,TV Show,Warrior Nun,2020,1
137,39,Dark,(2017–2020),"Crime, Drama, Mystery",8.8,285156,813,TV Show,Dark,2020,3
138,1330,"Roswell, New Mexico",(2019– ),"Drama, Romance, Sci-Fi",6.2,9055,818,TV Show,"Roswell, New Mexico",2020,2
139,779,The Politician,(2019– ),"Comedy, Drama",7.5,18342,823,TV Show,The Politician,2020,2
140,693,The Order,(2019–2020),"Drama, Fantasy, Horror",6.8,20909,824,TV Show,The Order,2020,2
141,110,How to Get Away with Murder,(2014–2020),"Crime, Drama, Mystery",8.1,129704,827,TV Show,How to Get Away with Murder,2020,6
142,737,Queen of the South,(2016– ),"Action, Crime, Drama",7.9,19592,839,TV Show,Queen of the South,2018,4
143,45,13 Reasons Why,(2017–2020),"Drama, Mystery, Thriller",7.6,256630,840,TV Show,13 Reasons Why,2020,4
144,888,Queer Eye,(2018– ),Reality-TV,8.5,15484,841,TV Show,Queer Eye,2020,5
145,19,Supernatural,(2005–2020),"Drama, Fantasy, Horror",8.4,393142,842,TV Show,Supernatural,2019,15
146,345,Space Force,(2020– ),Comedy,6.8,45536,851,TV Show,Space Force,2020,1
147,138,Supergirl,(2015–2021),"Action, Adventure, Drama",6.3,111301,855,TV Show,Supergirl,2019,5
148,1496,Betaal,(2020– ),"Action, Horror, Thriller",5.3,7777,856,TV Show,Betaal,2020,1
149,913,Dynasty,(2017– ),Drama,7.3,14888,857,TV Show,Dynasty,2019,3
150,1439,Sweet Magnolias,(2020– ),"Drama, Romance",7.4,8166,864,TV Show,Sweet Magnolias,2020,1
151,1682,Patriot Act with Hasan Minhaj,(2018–2020),"Comedy, News, Talk-Show",8.3,6539,866,TV Show,Patriot Act with Hasan Minhaj,2020,6
152,48,Avatar: The Last Airbender,(2005–2008),"Animation, Action, Adventure",9.2,248751,869,TV Show,Avatar: The Last Airbender,2007,3
153,719,Madam Secretary,(2014–2019),Drama,7.6,20055,871,TV Show,Madam Secretary,2019,6
154,1215,She-Ra and the Princesses of Power,(2018–2020),"Animation, Action, Adventure",7.8,10200,874,TV Show,She-Ra and the Princesses of Power,2020,5
155,951,White Lines,(2020),"Crime, Drama, Mystery",6.6,14103,878,TV Show,White Lines,2020,1
156,279,Dead to Me,(2019– ),"Comedy, Drama",8.0,55737,882,TV Show,Dead to Me,2020,2
157,1532,Good Witch,(2015– ),"Comedy, Drama, Fantasy",7.3,7502,900,TV Show,Good Witch,2019,5
158,184,The Last Kingdom,(2015– ),"Action, Drama, History",8.4,85696,907,TV Show,The Last Kingdom,2020,4
159,187,After Life,(2019– ),"Comedy, Drama",8.4,85275,910,TV Show,After Life,2020,2
160,1083,The Midnight Gospel,(2020– ),"Animation, Adventure, Comedy",8.3,11889,921,TV Show,The Midnight Gospel,2020,1
161,746,Fauda,(2015– ),"Action, Drama, Thriller",8.2,19362,928,TV Show,Fauda,2020,3
162,744,Legacies,(2018– ),"Adventure, Drama, Fantasy",7.5,19385,935,TV Show,Legacies,2019,2
163,61,Community,(2009–2015),Comedy,8.5,219596,936,TV Show,Community,2015,6
164,1658,Sunderland 'Til I Die,(2018– ),"Documentary, Sport",8.1,6694,941,TV Show,Sunderland 'Til I Die,2020,2
165,469,Happy!,(2017–2019),"Action, Comedy, Crime",8.2,33285,949,TV Show,Happy!,2019,2
166,78,Ozark,(2017– ),"Crime, Drama, Thriller",8.4,188576,951,TV Show,Ozark,2020,3
167,1261,Freud,(2020– ),"Biography, Crime, History",6.5,9801,955,TV Show,Freud,2020,1
168,1778,The Letter for the King,(2020– ),"Action, Adventure, Family",5.9,6085,964,TV Show,The Letter for the King,2020,1
169,900,Kingdom,(2014–2017),Drama,8.5,15207,974,TV Show,Kingdom,2020,2
170,1398,The Valhalla Murders,(2019– ),"Crime, Drama, Mystery",7.1,8529,975,TV Show,The Valhalla Murders,2020,1
171,1472,Dirty Money,(2018– ),"Documentary, Crime",8.1,7914,976,TV Show,Dirty Money,2020,2
172,1175,On My Block,(2018– ),Comedy,8.0,10658,977,TV Show,On My Block,2020,3
173,1982,Velvet,(2013–2016),"Adventure, Drama, Romance",8.1,5159,981,TV Show,Velvet,2016,4
174,834,Akame ga Kill!,(2014),"Animation, Action, Comedy",7.9,16742,982,TV Show,Akame ga Kill!,2014,1
175,755,Babylon Berlin,(2017– ),"Crime, Drama, Thriller",8.4,19049,983,TV Show,Babylon Berlin,2020,3
176,1986,Toy Boy,(2019),"Crime, Drama, Thriller",6.4,5150,987,TV Show,Toy Boy,2019,1
177,101,Altered Carbon,(2018–2020),"Action, Drama, Sci-Fi",8.0,142763,989,TV Show,Altered Carbon,2020,2
178,263,Narcos: Mexico,(2018– ),"Crime, Drama",8.4,60913,1006,TV Show,Narcos: Mexico,2020,2
179,1078,We Bare Bears,(2014–2019),"Animation, Adventure, Comedy",7.9,11899,1009,TV Show,We Bare Bears,2018,2
180,30,Better Call Saul,(2015–2021),"Crime, Drama",8.7,324868,1010,TV Show,Better Call Saul,2018,4
181,377,Locke & Key,(2020– ),"Drama, Fantasy, Horror",7.4,41619,1013,TV Show,Locke & Key,2020,1
182,18,Arrow,(2012–2020),"Action, Adventure, Crime",7.5,407897,1017,TV Show,Arrow,2019,8
183,1914,Miraculous: Tales of Ladybug & Cat Noir,(2015– ),"Animation, Action, Adventure",7.8,5466,1022,TV Show,Miraculous: Tales of Ladybug & Cat Noir,2019,5
184,462,The Ranch,(2016–2020),"Comedy, Drama, Western",7.5,33832,1038,TV Show,The Ranch,2020,8
185,1397,October Faction,(2020),"Adventure, Drama, Fantasy",6.1,8552,1039,TV Show,October Faction,2020,1
186,1670,AJ and the Queen,(2020),"Adventure, Comedy, Drama",7.5,6596,1054,TV Show,AJ and the Queen,2020,1
187,545,Dracula,(2013–2014),"Drama, Horror, Romance",7.4,28097,1062,TV Show,Dracula,2020,1
188,417,Messiah,(2020),"Drama, Mystery, Thriller",7.6,37775,1071,TV Show,Messiah,2020,1
189,1195,Spinning Out,(2020),"Drama, Sport",7.6,10428,1076,TV Show,Spinning Out,2020,1
190,100,You,(2018– ),"Crime, Drama, Romance",7.7,144170,1088,TV Show,You,2019,2
191,1667,Lost in Space,(1965–1968),"Adventure, Comedy, Family",7.3,6611,1090,TV Show,Lost in Space,2019,2
192,643,Private Practice,(2007–2013),"Comedy, Drama, Romance",6.7,22520,1091,TV Show,Private Practice,2012,6
193,35,The Witcher,(2019– ),"Action, Adventure, Fantasy",8.2,301304,1093,TV Show,The Witcher,2019,1
194,587,Fuller House,(2016–2020),"Comedy, Family",6.8,24870,1106,TV Show,Fuller House,2020,5
195,1099,Nightflyers,(2018),"Drama, Horror, Mystery",5.9,11691,1116,TV Show,Nightflyers,2018,1
196,835,The Dragon Prince,(2018– ),"Animation, Adventure, Drama",8.4,16736,1135,TV Show,The Dragon Prince,2019,3
197,1528,Sam & Cat,(2013–2020),"Comedy, Drama, Family",5.7,7538,1164,TV Show,Sam & Cat,2014,2
198,99,The End of the F***ing World,(2017–2019),"Adventure, Comedy, Crime",8.1,146542,1165,TV Show,The End of the F***ing World,2019,2
199,712,Victorious,(2010–2013),"Comedy, Drama, Family",6.9,20250,1169,TV Show,Victorious,2013,3
200,133,BoJack Horseman,(2014–2020),"Animation, Comedy, Drama",8.7,113345,1192,TV Show,BoJack Horseman,2020,6
201,1633,Brotherhood,(2006–2008),"Crime, Drama",7.7,6821,1193,TV Show,Brotherhood,2019,1
202,899,Daybreak,(I) (2019),"Action, Adventure, Comedy",6.7,15263,1199,TV Show,Daybreak,2019,1
203,641,Insatiable,(2018–2019),"Comedy, Drama, Thriller",6.5,22623,1214,TV Show,Insatiable,2019,2
204,26,Peaky Blinders,(2013– ),"Crime, Drama",8.8,350627,1222,TV Show,Peaky Blinders,2019,5
205,1361,Raising Dion,(2019– ),"Drama, Sci-Fi",7.2,8809,1223,TV Show,Raising Dion,2019,1
206,656,College Romance,(2018– ),"Comedy, Drama, Romance",8.9,22087,1230,TV Show,College Romance,2018,1
207,66,Gotham,(2014–2019),"Action, Crime, Drama",7.8,212039,1237,TV Show,Gotham,2019,5
208,1374,Bard of Blood,(2019– ),"Action, Adventure, Drama",6.8,8711,1238,TV Show,Bard of Blood,2019,1
209,911,Glitch,(2015–2019),"Drama, Sci-Fi",7.3,14961,1242,TV Show,Glitch,2019,3
210,1088,Marianne,(2019),"Drama, Horror",7.5,11814,1253,TV Show,Marianne,2019,1
211,995,Top Boy,(2011– ),"Crime, Drama, Thriller",8.4,13270,1254,TV Show,Top Boy,2019,1
212,227,Naruto,(2002–2007),"Animation, Action, Adventure",8.3,71299,1261,TV Show,Naruto,2006,9
213,681,The Dark Crystal: Age of Resistance,(2019),"Adventure, Drama, Family",8.5,21388,1265,TV Show,The Dark Crystal: Age of Resistance,2019,1
214,212,Sacred Games,(2018–2019),"Action, Crime, Drama",8.6,75517,1281,TV Show,Sacred Games,2019,2
215,826,Knightfall,(2017–2019),"Action, Adventure, Drama",6.8,17044,1284,TV Show,Knightfall,2019,2
216,389,GLOW,(2017–2019),"Comedy, Drama, Sport",8.0,40369,1286,TV Show,GLOW,2019,3
217,1265,Wu Assassins,(2019– ),"Action, Crime, Drama",6.4,9789,1299,TV Show,Wu Assassins,2019,1
218,592,Another Life,(2019– ),"Adventure, Drama, Mystery",5.0,24655,1306,TV Show,Another Life,2019,1
219,1141,Comedians in Cars Getting Coffee,(2012– ),"Comedy, Talk-Show",8.1,11083,1309,TV Show,Comedians in Cars Getting Coffee,2019,6
220,1085,Angel Beats!,(2010),"Animation, Action, Comedy",7.7,11828,1315,TV Show,Angel Beats!,2010,1
221,4,Stranger Things,(2016– ),"Drama, Fantasy, Horror",8.7,824966,1328,TV Show,Stranger Things,2019,3
222,494,Shooter,(2016–2018),"Action, Drama",7.5,31577,1352,TV Show,Shooter,2018,3
223,1217,Fate/Zero,(2011–2012),"Animation, Action, Drama",8.3,10190,1355,TV Show,Fate/Zero,2012,2
224,1476,Leila,(2019– ),"Drama, Sci-Fi",4.8,7897,1365,TV Show,Leila,2019,1
225,1293,Jinn,(2019– ),"Drama, Fantasy, Horror",3.5,9506,1369,TV Show,Jinn,2019,1
226,206,Designated Survivor,(2016–2019),"Action, Drama, Mystery",7.5,77717,1371,TV Show,Designated Survivor,2019,3
227,1729,Tales of the City,(2019),Drama,7.4,6327,1373,TV Show,Tales of the City,2019,1
228,13,Black Mirror,(2011– ),"Drama, Sci-Fi, Thriller",8.8,445745,1374,TV Show,Black Mirror,2019,5
229,1937,Documentary Now!,(2015– ),Comedy,8.1,5379,1375,TV Show,Documentary Now!,2019,3
230,1534,Bad Blood,(2017– ),"Crime, Drama",7.5,7486,1380,TV Show,Bad Blood,2019,2
231,1303,White Gold,(2017–2019),Comedy,7.4,9384,1391,TV Show,White Gold,2019,2
232,1062,Easy,(2016– ),Comedy,6.9,12118,1397,TV Show,Easy,2019,3
233,726,The Society,(2019),"Drama, Mystery, Sci-Fi",7.1,19913,1401,TV Show,The Society,2019,1
234,1564,Chambers,(2019),"Drama, Fantasy, Horror",6.5,7242,1430,TV Show,Chambers,2019,1
235,829,Crazy Ex-Girlfriend,(2015–2019),"Comedy, Musical",7.8,16990,1438,TV Show,Crazy Ex-Girlfriend,2019,4
236,76,New Girl,(2011–2018),Comedy,7.7,192778,1440,TV Show,New Girl,2018,7
237,539,Derek,(2012–2014),"Comedy, Drama",8.0,28354,1444,TV Show,Derek,2015,3
238,1168,Imposters,(2017– ),"Comedy, Crime, Drama",7.8,10762,1445,TV Show,Imposters,2017,2
239,274,Santa Clarita Diet,(2017–2019),"Comedy, Horror",7.8,57425,1459,TV Show,Santa Clarita Diet,2019,3
240,955,Versailles,(2015–2018),"Biography, Drama, History",7.9,13996,1462,TV Show,Versailles,2018,3
241,984,Delhi Crime,(2019– ),"Crime, Drama",8.5,13422,1467,TV Show,Delhi Crime,2019,1
242,170,The OA,(2016–2019),"Drama, Fantasy, Mystery",7.9,90768,1469,TV Show,The OA,2019,2
243,1400,The Disappearance of Madeleine McCann,(2019– ),"Documentary, Crime",6.6,8500,1478,TV Show,The Disappearance of Madeleine McCann,2019,1
244,1700,Turn Up Charlie,(2019),Comedy,7.1,6461,1479,TV Show,Turn Up Charlie,2019,1
245,379,Into the Badlands,(2015–2019),"Action, Adventure, Drama",8.0,41399,1484,TV Show,Into the Badlands,2018,3
246,1724,Secret City,(2016–2019),"Mystery, Thriller",7.4,6342,1490,TV Show,Secret City,2016,2
247,1699,Unsolved,(2018– ),"Biography, Crime",7.9,6467,1497,TV Show,Unsolved,2018,1
248,978,Chef's Table,(2015– ),Documentary,8.6,13508,1498,TV Show,Chef's Table,2019,6
249,996,One Day at a Time,(2017–2020),Comedy,8.2,13247,1509,TV Show,One Day at a Time,2019,3
250,484,Safe,(2018),"Crime, Drama, Mystery",7.3,32141,1513,TV Show,Safe,2018,1
251,240,Russian Doll,(2019– ),"Adventure, Comedy, Drama",7.9,67111,1518,TV Show,Russian Doll,2019,1
252,475,Z Nation,(2014–2018),"Action, Comedy, Drama",6.7,32838,1523,TV Show,Z Nation,2018,5
253,787,Friends from College,(2017–2019),"Comedy, Drama",6.9,18130,1537,TV Show,Friends from College,2019,2
254,285,A Series of Unfortunate Events,(2017–2019),"Adventure, Comedy, Drama",7.8,53947,1544,TV Show,A Series of Unfortunate Events,2019,3
255,1765,Fate/stay night: Unlimited Blade Works,(2014–2015),"Animation, Action, Fantasy",8.0,6137,1567,TV Show,Fate/stay night: Unlimited Blade Works,2015,2
256,1675,Tidelands,(2018),"Crime, Drama, Fantasy",7.0,6560,1576,TV Show,Tidelands,2018,1
257,341,Travelers,(2016–2018),"Drama, Mystery, Sci-Fi",8.1,45933,1577,TV Show,Travelers,2018,3
258,1511,Voltron: Legendary Defender,(2016–2018),"Animation, Action, Adventure",8.1,7664,1578,TV Show,Voltron: Legendary Defender,2018,8
259,1196,Dogs of Berlin,(2018– ),"Action, Crime, Drama",7.6,10398,1580,TV Show,Dogs of Berlin,2018,1
260,821,Frontier,(2016–2018),"Adventure, Drama, History",7.2,17123,1592,TV Show,Frontier,2018,3
261,1797,Sick Note,(2017–2018),"Comedy, Crime",6.8,6028,1594,TV Show,Sick Note,2018,2
262,814,Warrior,(2019– ),"Action, Crime, Drama",8.3,17293,1605,TV Show,Warrior,2018,1
263,1619,Damnation,(2017–2018),"Crime, Drama, Western",7.7,6927,1613,TV Show,Damnation,2017,1
264,1921,Great News,(2017–2018),Comedy,7.0,5444,1622,TV Show,Great News,2017,2
265,181,Making a Murderer,(2015–2018),"Documentary, Crime",8.6,86831,1628,TV Show,Making a Murderer,2018,2
266,1715,Rake,(2010–2018),"Comedy, Drama",8.5,6408,1633,TV Show,Rake,2018,5
267,236,Monty Python's Flying Circus,(1969–1974),Comedy,8.8,67637,1651,TV Show,Monty Python's Flying Circus,1974,4
268,558,American Vandal,(2017–2018),"Comedy, Crime, Drama",8.2,26857,1666,TV Show,American Vandal,2018,2
269,478,Life,(I) (2007–2009),"Crime, Drama, Mystery",8.3,32564,1672,TV Show,Life,2018,1
270,1901,Transformers Prime,(2010–2013),"Animation, Action, Adventure",7.9,5517,1676,TV Show,Transformers Prime,2013,1
271,277,Quantico,(2015–2018),"Crime, Drama, Mystery",6.7,57230,1682,TV Show,Quantico,2018,3
272,1964,The Innocents,(2018),"Drama, Horror, Mystery",6.3,5237,1694,TV Show,The Innocents,2018,1
273,122,The Originals,(2013–2018),"Drama, Fantasy, Horror",8.2,117750,1699,TV Show,The Originals,2018,5
274,910,El Chapo,(2017– ),"Crime, Drama",7.8,14980,1710,TV Show,El Chapo,2018,3
275,1796,Dark Tourist,(2018),Documentary,7.6,6032,1714,TV Show,Dark Tourist,2018,1
276,1652,Mr. Sunshine,(2011–2012),Comedy,6.8,6720,1724,TV Show,Mr. Sunshine,2018,1
277,1153,The Night Shift,(2014–2017),"Drama, Romance",7.4,10956,1738,TV Show,The Night Shift,2017,4
278,256,Unbreakable Kimmy Schmidt,(2015–2019),Comedy,7.6,63590,1741,TV Show,Unbreakable Kimmy Schmidt,2019,4
279,43,Arrested Development,(2003–2019),Comedy,8.7,277090,1742,TV Show,Arrested Development,2019,5
280,988,Trollhunters,(2016–2018),"Animation, Action, Adventure",8.5,13395,1745,TV Show,Trollhunters,2018,3
281,880,Mob Psycho 100,(2016– ),"Animation, Action, Comedy",8.5,15585,1746,TV Show,Mob Psycho 100,2018,1
282,765,Inspector Gadget,(1983–1986),"Animation, Action, Adventure",6.8,18850,1748,TV Show,Inspector Gadget,2017,4
283,1664,Bill Nye Saves the World,(2017–2018),"Comedy, Talk-Show",3.6,6654,1750,TV Show,Bill Nye Saves the World,2018,3
284,151,Star Trek: The Next Generation,(1987–1994),"Action, Adventure, Mystery",8.6,101700,1770,TV Show,Star Trek: The Next Generation,1993,7
285,898,Doctor Foster,(2015–2017),Drama,7.7,15286,1773,TV Show,Doctor Foster,2017,2
286,422,Trailer Park Boys,(2001–2018),"Comedy, Crime",8.4,37439,1775,TV Show,Trailer Park Boys,2018,12
287,1419,Tabula Rasa,(2017),"Drama, Thriller",8.1,8318,1783,TV Show,Tabula Rasa,2017,1
288,1252,The Frankenstein Chronicles,(2015–2017),"Crime, Drama, Fantasy",7.3,9938,1795,TV Show,The Frankenstein Chronicles,2017,2
289,904,Everything Sucks!,(2018),"Comedy, Drama",7.5,15084,1797,TV Show,Everything Sucks!,2018,1
290,284,The Shannara Chronicles,(2016–2017),"Adventure, Fantasy, Sci-Fi",7.2,54373,1805,TV Show,The Shannara Chronicles,2018,2
291,1349,Disjointed,(2017–2018),Comedy,6.8,8901,1809,TV Show,Disjointed,2018,2
292,470,Episodes,(2011–2017),Comedy,7.8,33037,1811,TV Show,Episodes,2017,5
293,852,Lovesick,(2014–2018),Comedy,8.1,16288,1815,TV Show,Lovesick,2018,3
294,534,Halt and Catch Fire,(2014–2017),Drama,8.4,28578,1828,TV Show,Halt and Catch Fire,2017,4
295,166,Broadchurch,(2013–2017),"Crime, Drama, Mystery",8.4,94525,1837,TV Show,Broadchurch,2017,3
296,528,Longmire,(2012–2017),"Action, Crime, Drama",8.3,29313,1843,TV Show,Longmire,2017,6
297,653,The Mist,(2017),"Drama, Horror, Sci-Fi",5.4,22176,1861,TV Show,The Mist,2017,1
298,266,Star Trek: Voyager,(1995–2001),"Action, Adventure, Sci-Fi",7.8,59620,1876,TV Show,Star Trek: Voyager,2000,7
299,402,Dark Matter,(2015–2017),"Adventure, Drama, Mystery",7.5,38979,1886,TV Show,Dark Matter,2017,3
300,362,Reign,(2013–2017),"Drama, Fantasy",7.5,43653,1892,TV Show,Reign,2017,4
301,1021,Frequency,(2016–2017),"Drama, Fantasy, Mystery",7.5,12752,1893,TV Show,Frequency,2016,1
302,40,The Vampire Diaries,(2009–2017),"Drama, Fantasy, Horror",7.7,283524,1894,TV Show,The Vampire Diaries,2016,8
303,24,Narcos,(2015–2017),"Biography, Crime, Drama",8.8,358462,1901,TV Show,Narcos,2017,3
304,107,The IT Crowd,(2006–2013),Comedy,8.5,134441,1917,TV Show,The IT Crowd,2013,5
305,88,Criminal Minds,(2005–2020),"Crime, Drama, Mystery",8.1,161622,1943,TV Show,Criminal Minds,2017,12
306,946,Gypsy,(2017),"Drama, Thriller",6.9,14189,1944,TV Show,Gypsy,2017,1
307,960,Young & Hungry,(2014–2018),"Comedy, Drama, Romance",7.4,13909,1946,TV Show,Young & Hungry,2017,5
308,1132,Aquarius,(2015–2016),"Biography, Crime, Drama",7.1,11203,1948,TV Show,Aquarius,2016,2
309,949,Crashing,(2016),Comedy,7.7,14178,1957,TV Show,Crashing,2016,1
310,1200,Flaked,(2016– ),"Comedy, Drama",7.2,10370,1958,TV Show,Flaked,2017,2
311,355,Bloodline,(2015–2017),"Drama, Thriller",8.0,44078,1964,TV Show,Bloodline,2017,3
312,890,Girlboss,(2017),Comedy,7.0,15429,1974,TV Show,Girlboss,2017,1
313,689,The Get Down,(2016–2017),"Drama, Music, Musical",8.3,21049,1978,TV Show,The Get Down,2017,2
314,293,Star Trek: Deep Space Nine,(1993–1999),"Action, Adventure, Drama",8.0,53284,2002,TV Show,Star Trek: Deep Space Nine,1999,7
315,104,Sense8,(2015–2018),"Drama, Mystery, Sci-Fi",8.3,139640,2006,TV Show,Sense8,2018,2
316,219,Merlin,(2008–2012),"Adventure, Drama, Fantasy",7.9,73807,2016,TV Show,Merlin,2012,5
317,1233,Containment,(2016),Drama,7.2,10101,2041,TV Show,Containment,2016,1
318,250,Marco Polo,(2014–2016),"Adventure, Drama, History",8.0,64780,2072,TV Show,Marco Polo,2016,2
319,428,Hemlock Grove,(2013–2015),"Drama, Horror, Mystery",7.1,36995,2090,TV Show,Hemlock Grove,2015,3
320,564,Lilyhammer,(2012–2014),"Comedy, Crime, Drama",8.0,26595,2096,TV Show,Lilyhammer,2014,3
321,1074,Goosebumps,(1995–1998),"Family, Fantasy, Horror",7.7,11954,2097,TV Show,Goosebumps,1998,5
322,320,The Borgias,(2011–2013),"Crime, Drama, History",7.9,48244,2098,TV Show,The Borgias,2013,3
323,372,The 4400,(2004–2007),"Drama, Mystery, Sci-Fi",7.3,42383,2099,TV Show,The 4400,2007,4
324,1,Breaking Bad,(2008–2013),"Crime, Drama, Thriller",9.5,1468887,2100,TV Show,Breaking Bad,2013,5
325,1750,Adam Ruins Everything,(2015– ),"Animation, Comedy, History",8.0,6230,2114,TV Show,Adam Ruins Everything,2018,1
326,1316,American Crime,(2015–2017),"Crime, Drama",7.8,9246,2122,TV Show,American Crime,2017,3
327,1822,American Odyssey,(2015),"Action, Drama, Thriller",7.3,5928,2124,TV Show,American Odyssey,2015,1
328,1279,Ancient Aliens,(2009– ),"Documentary, Fantasy, History",7.3,9620,2126,TV Show,Ancient Aliens,2018,1
329,1180,Bad Education,(2012–2014),Comedy,7.4,10608,2133,TV Show,Bad Education,2014,3
330,159,Bates Motel,(2013–2017),"Drama, Horror, Mystery",8.2,97152,2138,TV Show,Bates Motel,2017,5
331,1436,Battle Creek,(2015),"Comedy, Crime, Drama",7.3,8194,2139,TV Show,Battle Creek,2015,1
332,991,Ben 10,(2005–2008),"Animation, Action, Adventure",7.2,13313,2149,TV Show,Ben 10,2016,1
333,848,Bitten,(2014–2016),"Drama, Fantasy, Horror",7.0,16326,2155,TV Show,Bitten,2016,3
334,322,Cheers,(1982–1993),"Comedy, Drama",7.8,48175,2186,TV Show,Cheers,1992,11
335,1510,Chewing Gum,(2015–2017),Comedy,7.7,7679,2189,TV Show,Chewing Gum,2017,2
336,1875,Dad's Army,(1968–1977),"Comedy, War",8.1,5651,2211,TV Show,Dad's Army,1977,10
337,7,Dexter,(2006–2021),"Crime, Drama, Mystery",8.6,647136,2221,TV Show,Dexter,2013,8
338,295,Extras,(2005–2007),"Comedy, Drama",8.3,53177,2247,TV Show,Extras,2006,2
339,556,Ezel,(2009–2011),"Crime, Drama, Thriller",8.6,27255,2248,TV Show,Ezel,2009,1
340,1442,Father Brown,(2013– ),"Crime, Drama, Mystery",7.7,8151,2252,TV Show,Father Brown,2017,6
341,218,Frasier,(1993–2004),Comedy,8.1,73865,2264,TV Show,Frasier,2003,11
342,3,Friends,(1994–2004),"Comedy, Romance",8.9,829816,2266,TV Show,Friends,2003,10
343,943,Galavant,(2015–2016),"Adventure, Comedy, Fantasy",8.1,14226,2269,TV Show,Galavant,2016,2
344,1844,Get Shorty,(2017– ),"Comedy, Crime",8.2,5793,2277,TV Show,Get Shorty,2017,1
345,94,Gossip Girl,(2007–2012),"Drama, Romance",7.4,154572,2283,TV Show,Gossip Girl,2012,6
346,57,Hannibal,(2013–2015),"Crime, Drama, Horror",8.5,228558,2290,TV Show,Hannibal,2015,3
347,463,Happy Valley,(2014– ),"Crime, Drama, Thriller",8.4,33692,2292,TV Show,Happy Valley,2016,2
348,338,Hart of Dixie,(2011–2015),"Comedy, Drama, Romance",7.7,46330,2296,TV Show,Hart of Dixie,2014,4
349,441,Haven,(2010– ),"Crime, Drama, Fantasy",7.6,35409,2298,TV Show,Haven,2015,5
350,541,Helix,(2014–2015),"Drama, Horror, Mystery",6.8,28271,2300,TV Show,Helix,2015,1
351,324,Hell on Wheels,(2011–2016),"Drama, Western",8.3,47904,2301,TV Show,Hell on Wheels,2016,5
352,1126,Hinterland,(2013–2016),"Crime, Drama, Mystery",7.6,11337,2306,TV Show,Hinterland,2016,3
353,763,Intelligence,(2014),"Action, Drama, Sci-Fi",6.9,18865,2327,TV Show,Intelligence,2007,2
354,1768,Jeopardy!,(1984– ),Game-Show,8.2,6130,2333,TV Show,Jeopardy!,2019,2
355,286,Jericho,(2006–2008),"Action, Drama, Mystery",7.9,53920,2334,TV Show,Jericho,2008,2
356,1647,Liv and Maddie,(2013–2017),"Comedy, Drama, Family",6.3,6749,2377,TV Show,Liv and Maddie,2017,4
357,532,Lost Girl,(2010–2016),"Action, Drama, Fantasy",7.7,28705,2384,TV Show,Lost Girl,2015,5
358,68,Mad Men,(2007–2015),Drama,8.6,208096,2390,TV Show,Mad Men,2014,7
359,964,Mars,(2016–2018),"Adventure, Drama, Sci-Fi",7.5,13818,2401,TV Show,Mars,2018,2
360,1575,Merlí,(2015–2018),"Comedy, Drama, Romance",8.6,7164,2407,TV Show,Merlí,2015,1
361,631,Mystery Science Theater 3000,(1988–1999),"Comedy, Sci-Fi",8.5,22979,2427,TV Show,Mystery Science Theater 3000,1999,1
362,589,Nurse Jackie,(2009–2015),"Comedy, Drama",7.7,24764,2443,TV Show,Nurse Jackie,2015,7
363,1645,One Strange Rock,(2018– ),Documentary,8.8,6755,2450,TV Show,One Strange Rock,2018,1
364,64,Parks and Recreation,(2009–2020),Comedy,8.6,214125,2459,TV Show,Parks and Recreation,2015,7
365,895,Pawn Stars,(2009– ),Reality-TV,7.2,15344,2461,TV Show,Pawn Stars,2010,1
366,136,Penny Dreadful,(2014–2016),"Drama, Fantasy, Horror",8.2,112153,2463,TV Show,Penny Dreadful,2016,3
367,87,Person of Interest,(2011–2016),"Action, Crime, Drama",8.4,163362,2464,TV Show,Person of Interest,2016,5
368,781,Portlandia,(2011–2018),Comedy,7.8,18283,2468,TV Show,Portlandia,2018,8
369,947,Ramayan,(1987–1988),"Adventure, Drama, Family",9.1,14185,2500,TV Show,Ramayan,2012,1
370,593,Rectify,(2013–2016),Drama,8.3,24628,2504,TV Show,Rectify,2016,4
371,1351,Red vs. Blue,(2003– ),"Animation, Short, Action",8.3,8885,2505,TV Show,Red vs. Blue,2015,13
372,134,Revenge,(2011–2015),"Drama, Mystery, Thriller",7.8,112608,2508,TV Show,Revenge,2017,1
373,747,Ripper Street,(2012–2016),"Crime, Drama, Mystery",8.1,19333,2511,TV Show,Ripper Street,2017,5
374,750,Royal Pains,(2009–2016),"Comedy, Drama",7.0,19234,2515,TV Show,Royal Pains,2016,8
375,239,Scandal,(2012–2018),"Drama, Thriller",7.7,67302,2522,TV Show,Scandal,2018,7
376,5,Sherlock,(2010–2017),"Crime, Drama, Mystery",9.1,808717,2528,TV Show,Sherlock,2017,4
377,830,Star-Crossed,(2014),"Drama, Romance, Sci-Fi",7.3,16862,2540,TV Show,Star-Crossed,2014,1
378,22,Suits,(2011–2019),"Comedy, Drama",8.5,364077,2548,TV Show,Suits,2018,1
379,1290,Taken,(2017–2018),"Action, Drama, Thriller",6.6,9527,2555,TV Show,Taken,2018,2
380,95,That '70s Show,(1998–2006),"Comedy, Romance",8.1,154375,2560,TV Show,That '70s Show,2005,8
381,1050,The Andy Griffith Show,(1960–1968),"Comedy, Family",8.3,12321,2564,TV Show,The Andy Griffith Show,1967,8
382,1726,The Bachelor,(2002– ),"Drama, Game-Show, Reality-TV",3.2,6333,2566,TV Show,The Bachelor,2009,1
383,590,The Fosters,(2013–2018),"Drama, Romance",7.9,24725,2584,TV Show,The Fosters,2017,5
384,1269,The Guild,(2007–2013),"Short, Comedy",8.2,9705,2590,TV Show,The Guild,2013,1
385,200,The Inbetweeners,(2008–2010),Comedy,8.4,80304,2594,TV Show,The Inbetweeners,2010,3
386,604,The L Word,(I) (2004–2009),"Drama, Romance",7.6,24134,2600,TV Show,The L Word,2009,6
387,1368,The Messengers,(2015),"Drama, Fantasy, Mystery",6.5,8751,2605,TV Show,The Messengers,2015,1
388,1116,The Returned,(2015),"Drama, Fantasy, Horror",7.1,11469,2618,TV Show,The Returned,2015,1
389,231,The Tudors,(2007–2010),"Drama, History, Romance",8.1,68757,2626,TV Show,The Tudors,2010,4
390,1955,The Universe,(2007–2015),"Documentary, History",8.7,5276,2629,TV Show,The Universe,2009,1
391,249,The West Wing,(1999–2006),Drama,8.8,64977,2632,TV Show,The West Wing,2005,7
392,1690,Toast of London,(2012– ),Comedy,8.2,6494,2641,TV Show,Toast of London,2015,3
393,80,Twin Peaks,(1990–1991),"Crime, Drama, Mystery",8.8,175882,2647,TV Show,Twin Peaks,1990,2
394,150,Weeds,(2005–2012),"Comedy, Crime, Drama",7.9,102488,2655,TV Show,Weeds,2012,8
395,1232,When Calls the Heart,(2014– ),"Drama, Romance",8.2,10112,2659,TV Show,When Calls the Heart,2017,5
396,732,Yeh Meri Family,(2018),"Comedy, Drama, Family",9.1,19684,2667,TV Show,Yeh Meri Family,2018,1
